model,pk,field,name,url,is_cloudinary,local_exists
ProfilUtilisateur,4,photo,,,False,False
ProfilUtilisateur,5,photo,,,False,False
ProfilUtilisateur,6,photo,,,False,False
ProfilUtilisateur,7,photo,,,False,False
ProfilUtilisateur,8,photo,,,False,False
ProfilUtilisateur,9,photo,,,False,False
ProfilUtilisateur,10,photo,,,False,False
ProfilUtilisateur,11,photo,,,False,False
ProfilUtilisateur,12,photo,,,False,False
ProfilUtilisateur,13,photo,,,False,False
ProfilUtilisateur,14,photo,,,False,False
ProfilUtilisateur,15,photo,,,False,False
ProfilUtilisateur,16,photo,,,False,False
ProfilUtilisateur,17,photo,,,False,False
ProfilUtilisateur,18,photo,,,False,False
ProfilUtilisateur,19,photo,,,False,False
ProfilUtilisateur,20,photo,,,False,False
ProfilUtilisateur,21,photo,,,False,False
ProfilUtilisateur,22,photo,,,False,False
ProfilUtilisateur,23,photo,,,False,False
ProfilUtilisateur,24,photo,,,False,False
ProfilUtilisateur,25,photo,,,False,False
ProfilUtilisateur,27,photo,,,False,False
ProfilUtilisateur,28,photo,,,False,False
ProfilUtilisateur,29,photo,,,False,False
ProfilUtilisateur,30,photo,,,False,False
ProfilUtilisateur,31,photo,,,False,False
ProfilUtilisateur,32,photo,,,False,False
ProfilUtilisateur,33,photo,,,False,False
ProfilUtilisateur,34,photo,,,False,False
ProfilUtilisateur,35,photo,,,False,False
ProfilUtilisateur,36,photo,,,False,False
ProfilUtilisateur,38,photo,,,False,False
ProfilUtilisateur,42,photo,,,False,False
ProfilUtilisateur,43,photo,,,False,False
ProfilUtilisateur,44,photo,,,False,False
ProfilUtilisateur,45,photo,,,False,False
ProfilUtilisateur,46,photo,,,False,False
ProfilUtilisateur,47,photo,,,False,False
ProfilUtilisateur,48,photo,,,False,False
ProfilUtilisateur,49,photo,,,False,False
Fichier,2,fichier,,,False,False
Fichier,3,fichier,,,False,False
Fichier,4,fichier,,,False,False
Fichier,5,fichier,,,False,False
Fichier,6,fichier,,,False,False
Fichier,7,fichier,,,False,False
Fichier,8,fichier,,,False,False
Fichier,9,fichier,,,False,False
Fichier,11,fichier,,,False,False
Fichier,12,fichier,,,False,False
Fichier,13,fichier,,,False,False
Fichier,14,fichier,,,False,False
Fichier,15,fichier,,,False,False
Fichier,17,fichier,,,False,False
Fichier,18,fichier,,,False,False
Fichier,19,fichier,,,False,False
Fichier,20,fichier,,,False,False
Fichier,21,fichier,,,False,False
Fichier,22,fichier,,,False,False
Fichier,23,fichier,,,False,False
Fichier,24,fichier,,,False,False
Fichier,25,fichier,,,False,False
Fichier,26,fichier,,,False,False
Fichier,27,fichier,,,False,False
Fichier,28,fichier,,,False,False
Fichier,29,fichier,,,False,False
Fichier,30,fichier,,,False,False
Fichier,31,fichier,,,False,False
Fichier,32,fichier,,,False,False
Fichier,33,fichier,,,False,False
Fichier,34,fichier,,,False,False
Fichier,35,fichier,,,False,False
Fichier,36,fichier,,,False,False
Fichier,37,fichier,,,False,False
Fichier,38,fichier,,,False,False
Fichier,39,fichier,,,False,False
Fichier,40,fichier,,,False,False
Fichier,41,fichier,,,False,False
Fichier,42,fichier,,,False,False
Fichier,43,fichier,,,False,False
Fichier,44,fichier,,,False,False
Archive,4,fichier,,,False,False
Archive,5,fichier,,,False,False
Archive,6,fichier,,,False,False
PFMP,1,fichier,pfmp/Accord_préalable.pdf,https://res.cloudinary.com/dthghboiq/image/upload/v1/media/pfmp/Accord_pr%C3%A9alable.pdf,True,False
PFMP,2,fichier,pfmp/Accord_préalable.pdf,https://res.cloudinary.com/dthghboiq/image/upload/v1/media/pfmp/Accord_pr%C3%A9alable.pdf,True,False
Atelier,2,fichier,,,False,False
FichierAtelier,3,fichier,ateliers/fichiers/Dallage_1.pdf,https://res.cloudinary.com/dthghboiq/image/upload/v1/media/ateliers/fichiers/Dallage_1.pdf,True,False
FichierAtelier,4,fichier,media/ateliers/fichiers/Dallage_2_czt3qw,https://res.cloudinary.com/dthghboiq/image/upload/v1/media/ateliers/fichiers/Dallage_2_czt3qw,True,False
LigneModeOperatoire,1,schema_image,,,False,False
LigneModeOperatoire,2,schema_image,,,False,False
LigneModeOperatoire,3,schema_image,,,False,False
LigneModeOperatoire,4,schema_image,,,False,False
LigneModeOperatoire,5,schema_image,,,False,False
LigneModeOperatoire,6,schema_image,,,False,False
LigneModeOperatoire,19,schema_image,,,False,False
LigneModeOperatoire,20,schema_image,,,False,False
LigneModeOperatoire,21,schema_image,,,False,False
LigneModeOperatoire,22,schema_image,,,False,False
LigneModeOperatoire,23,schema_image,,,False,False
LigneModeOperatoire,24,schema_image,,,False,False
